{"stats":{"minecraft:used":{"minecraft:dirt":1,"minecraft:sand":1,"minecraft:grass_block":1},"minecraft:custom":{"minecraft:jump":90,"minecraft:time_since_rest":13783,"minecraft:crouch_one_cm":41,"minecraft:leave_game":1,"minecraft:sprint_one_cm":16283,"minecraft:play_time":13783,"minecraft:damage_taken":40,"minecraft:time_since_death":13747,"minecraft:walk_one_cm":6547,"minecraft:sneak_time":283,"minecraft:total_world_time":13783,"minecraft:fall_one_cm":1762,"minecraft:fly_one_cm":298306}},"DataVersion":3465}